City,Cloudiness,Country,Date,Humidity,Latitude,Longitude,Max Temperature,Wind Speed
seminole,1,us,1524597300,11,27.61826249751823,-83.66675704065403,306.15,5.1
dalton,90,us,1524600000,63,34.85422582506894,-84.86757742159456,294.15,3.6
atuona,0,pf,1524600707,100,-12.593859597527697,-125.93615134938443,300.643,6.44
souillac,75,mu,1524596400,88,-50.907224265184894,74.73835236721305,297.15,2.1
petatlan,8,mx,1524600968,82,15.046687826679502,-102.07887271069578,301.643,4.71
namibe,20,ao,1524600641,100,-12.414017950860753,4.67911410261047,299.393,3.26
hay river,92,ca,1524600654,74,62.15956214066577,-119.22913939565694,281.143,5.39
lavrentiya,24,ru,1524600695,99,70.8241765098764,-169.04166593635148,272.793,9.41
lowestoft,92,gb,1524600969,86,52.22322174554802,2.4720859406691034,284.243,9.86
naze,76,jp,1524600453,100,23.08367525206249,136.47328053505606,294.543,5.54
puerto ayora,20,ec,1524596400,74,-2.769739656073,-95.79378708257099,301.15,5.7
san policarpo,92,ph,1524600970,100,13.566783286229764,129.45286868957027,298.843,2.29
rikitea,56,pf,1524600653,100,-24.638842403507965,-116.32131163175077,298.693,9.41
thompson,24,ca,1524600665,55,68.98961482807388,-91.66719406449684,279.993,3.76
hargeysa,0,so,1524600971,78,8.125451684558485,43.70292142954165,291.743,3.81
jamestown,24,sh,1524600655,100,-21.51147211219987,-13.421352679288248,297.293,9.86
saldanha,12,za,1524596400,82,-35.87840642962716,8.923596067385063,286.15,1.0
busselton,8,au,1524600643,100,-65.79730715526776,83.69252100839157,287.743,1.71
qaanaaq,44,gl,1524600652,94,75.92518917937622,-71.14715358363785,266.943,1.06
hithadhoo,92,mv,1524600971,100,-3.3618616559057415,72.24382339292211,302.843,7.41
kloulklubed,44,pw,1524600680,99,5.07070806230557,132.37101272283576,302.143,2.36
grand gaube,75,mu,1524596400,88,-13.786091008603194,63.395490516486944,297.15,2.1
iqaluit,0,ca,1524600972,90,62.15913937032002,-76.18106802511062,259.493,3.59
ahuimanu,90,us,1524596760,69,25.022659179332578,-156.25400017397078,298.15,4.6
dikson,88,ru,1524600401,95,80.2031590410368,84.37091316071854,264.043,3.54
severo-kurilsk,68,ru,1524600709,100,47.5495403248475,159.48067758309492,272.843,4.59
albany,8,au,1524600664,91,-64.14449795491112,115.31941521639231,282.693,2.34
dikson,88,ru,1524600401,95,75.20190856181682,72.55084820326132,264.043,3.54
beira,20,mz,1524596400,78,-20.452345163832973,35.50270911831433,296.15,3.64
ushuaia,40,ar,1524596400,54,-78.9228657019245,-21.29920972274246,285.15,7.7
khudumelapye,0,bw,1524600974,71,-23.655635454648476,24.771585824768664,285.443,1.39
selma,1,us,1524599760,32,32.14442717271993,-87.23563569528996,302.15,2.56
mahebourg,75,mu,1524596400,88,-23.43514689772411,60.438661700713766,297.15,2.1
prainha,64,br,1524600974,87,-0.3279719855168395,-53.58164989021563,300.143,0.94
fortuna,1,us,1524599700,77,38.61813132960563,-141.18539483885664,291.15,5.1
ostrovnoy,36,ru,1524600975,86,75.8650284604432,42.00095177901369,271.693,7.74
barrow,1,us,1524599700,37,85.49971268524254,-167.84454126450123,295.15,5.1
moen,56,no,1524600975,97,69.65842956525961,17.08250256306121,272.343,0.84
werda,0,bw,1524600976,31,-25.69231952178302,23.217358886774434,288.693,4.86
tilichiki,0,ru,1524600386,87,58.14289970958271,167.5298738219447,270.293,4.71
broken hill,64,au,1524600449,92,-26.649207361741823,140.97790927545879,288.193,3.71
victoria,20,sc,1524596400,88,-2.50060151228017,62.81540549292487,300.15,0.5
upernavik,88,gl,1524600977,100,86.93254290973422,-42.832102429756986,270.393,2.11
rikitea,56,pf,1524600653,100,-63.38135622955876,-117.79013085287397,298.693,9.41
vao,92,nc,1524600977,100,-25.855101416369024,170.5740694320479,296.893,4.36
ushuaia,40,ar,1524596400,54,-87.32316371776483,-86.3738434674123,285.15,7.7
rikitea,56,pf,1524600653,100,-52.950801279546695,-118.66244624093069,298.693,9.41
hilo,90,us,1524598140,83,21.85931413260724,-143.28302644793627,297.15,2.6
mayor pablo lagerenza,8,py,1524600978,45,-19.363631430384487,-60.665601561413624,306.543,1.49
pevek,0,ru,1524600671,91,67.69114265867185,169.20345649464667,262.193,1.51
atuona,0,pf,1524600707,100,-8.863010231878519,-128.92064965576668,300.643,6.44
hobart,0,au,1524600635,83,-66.84180867063009,142.51781015897888,283.443,2.39
butaritari,80,ki,1524600671,99,13.695680949014303,166.77125016325397,301.843,3.29
vaini,8,to,1524600630,100,-33.4471168441916,-178.8097543715706,298.543,7.24
fallon,1,us,1524599760,37,40.14303648866104,-118.29858270026969,286.15,4.6
busselton,8,au,1524600643,100,-75.90399082031017,91.91044890123891,287.743,1.71
ishinomaki,100,jp,1524600980,97,38.35729726107371,141.80333235168615,288.143,4.99
pervomayskoye,56,ru,1524600980,91,53.830387962995474,83.9548197901803,278.293,4.21
togur,92,ru,1524600785,98,61.94164834033799,83.49452567910316,276.093,4.36
geraldton,0,au,1524600678,100,-35.0296651140798,86.48575629106426,291.593,8.44
ushuaia,40,ar,1524596400,54,-75.54552992060485,-69.38983508329102,285.15,7.7
tuktoyaktuk,20,ca,1524600704,97,75.079079813167,-136.83184577074744,265.943,7.89
lucapa,0,ao,1524600981,81,-9.013974496303632,20.607127529934672,292.593,1.26
hithadhoo,92,mv,1524600971,100,-16.08272462098732,74.16106218858855,302.843,7.41
winslow,1,us,1524599760,10,35.46768700126542,-110.2995925484825,301.15,2.6
rikitea,56,pf,1524600653,100,-59.45188555296198,-136.33827239245952,298.693,9.41
new norfolk,48,au,1524600681,92,-46.9004273126806,140.24334034463146,282.893,2.51
tuatapere,64,nz,1524600655,100,-53.79153057669484,159.91847580278449,284.293,6.11
vaini,8,to,1524600630,100,-48.71074034235908,-171.48451075296828,298.543,7.24
hauterive,32,ca,1524600982,71,51.087903808442235,-68.80301595005754,282.543,3.14
agnibilekrou,8,ci,1524600982,73,7.034976613415736,-3.338657206894908,300.843,3.81
cairns,0,au,1524600752,100,-13.35602911369125,144.95430545928548,296.843,5.49
constitucion,8,mx,1524600675,19,16.355243907710275,-123.77956972879852,303.493,1.26
san patricio,0,mx,1524600983,61,10.210176651602168,-109.66122543367416,302.193,2.36
cape town,20,za,1524596400,82,-63.58179861308189,-14.388519775814245,288.15,2.1
hilo,90,us,1524598140,83,4.964104030407697,-159.60005193224868,297.15,2.6
barrow,1,us,1524599700,37,89.52904989356031,-157.10329945701747,295.15,5.1
pangnirtung,24,ca,1524600984,85,60.373013627007,-61.966772111934986,256.793,3.46
upernavik,88,gl,1524600977,100,86.91566114077779,-56.53304674835424,270.393,2.11
mar del plata,0,ar,1524600690,47,-41.52578502866295,-53.545185359964364,287.643,5.79
ambon,88,id,1524600985,100,-5.067038075359733,128.65424749977984,300.843,3.01
castro,56,cl,1524600669,78,-48.95932057629083,-105.31963350837292,285.093,1.04
albany,8,au,1524600664,91,-77.67180922730626,104.47880649745417,282.693,2.34
hilo,90,us,1524598140,83,25.812475508001143,-146.5061601428925,297.15,2.6
albany,8,au,1524600664,91,-57.239878055160844,126.2998950001458,282.693,2.34
punta arenas,0,cl,1524596400,53,-51.07840310863766,-78.9575888635358,284.15,9.3
vanimo,12,pg,1524600865,100,-1.7907807708207457,141.2628668538922,301.493,1.21
ranau,92,my,1524600987,100,5.561279602289858,116.92437897483285,293.743,0.09
ushuaia,40,ar,1524596400,54,-87.58949865181114,-34.35058145605623,285.15,7.7
qaanaaq,44,gl,1524600652,94,84.5722357382219,-75.80702615282864,266.943,1.06
bredasdorp,24,za,1524596400,71,-57.42937590162959,17.36305977726485,286.15,2.1
shirokiy,32,ru,1524600988,72,64.87446365457231,147.54410713767487,276.143,1.66
rikitea,56,pf,1524600653,100,-44.529128292440426,-135.72694056375457,298.693,9.41
saskylakh,64,ru,1524600988,86,82.81043775027095,115.35383317634518,261.243,5.51
nunoa,76,pe,1524600989,90,-14.41408282991003,-70.57897269700312,278.093,1.24
ciudad bolivar,0,ve,1524600989,28,6.069329830794487,-63.70247692256194,308.893,5.19
jamestown,24,sh,1524600655,100,-17.65681007843665,-1.0069639686911387,297.293,9.86
kapaa,1,us,1524599760,69,27.12080902759547,-174.5907896368907,298.15,2.6
hobart,0,au,1524600635,83,-73.27930263927252,136.0812775791357,283.443,2.39
pevek,0,ru,1524600671,91,74.1472107800472,172.2942291563288,262.193,1.51
ushuaia,40,ar,1524596400,54,-85.31919603774135,-60.15249428346043,285.15,7.7
panzhihua,0,cn,1524600990,40,27.3220952371569,100.63579590031264,291.443,2.01
kalmunai,0,lk,1524600990,100,9.015807528152394,87.32596622301526,296.643,1.46
lebu,0,cl,1524600990,96,-29.139720913988313,-98.74659686065472,285.793,5.71
skelleftea,0,se,1524600991,88,64.89204077609068,21.038060455740577,272.843,1.74
saint-philippe,90,re,1524598200,100,-45.58768606970154,63.67253527748673,299.15,2.6
rikitea,56,pf,1524600653,100,-55.28658539825735,-133.619951046758,298.693,9.41
touros,36,br,1524600965,76,0.20738462624488818,-25.191265739501176,300.493,6.09
busselton,8,au,1524600643,100,-66.41348868241526,77.83935466354092,287.743,1.71
punta arenas,0,cl,1524596400,53,-52.87371739181801,-82.04210950839949,284.15,9.3
portland,0,au,1524600992,81,-47.32371976735321,136.04757005510277,276.393,0.76
bluff,76,nz,1524600646,95,-58.950235999359336,163.94960664766967,285.743,9.14
busselton,8,au,1524600643,100,-82.04002675234601,89.13610029681519,287.743,1.71
sorland,92,no,1524600993,97,72.1575797128869,5.586451097970269,278.643,8.86
chama,0,zm,1524600993,54,-10.576172241526919,33.3681569508646,292.043,3.94
mount gambier,92,au,1524600993,94,-51.040504549273905,131.989802164781,287.343,1.29
banda aceh,80,id,1524600993,96,1.517012224489747,89.18442570947423,297.493,1.44
cape town,20,za,1524596400,82,-61.32162068574203,1.986057029304817,288.15,2.1
vardo,76,no,1524600994,94,76.60837363373201,33.63945423008067,276.643,6.56
rikitea,56,pf,1524600653,100,-87.73789651021829,-127.30929791293093,298.693,9.41
rikitea,56,pf,1524600653,100,-54.49692277798351,-116.8980585774485,298.693,9.41
kaitangata,88,nz,1524600647,74,-58.66614771021724,172.4396677100553,283.343,5.31
bredasdorp,24,za,1524596400,71,-67.22573898767705,20.602769690311533,286.15,2.1
bluff,76,nz,1524600646,95,-82.29577431917828,166.86214138142373,285.743,9.14
bluff,76,nz,1524600646,95,-66.10379742215642,165.90655447370392,285.743,9.14
port hardy,64,ca,1524600422,78,42.3727688775038,-140.3170869427408,285.493,1.71
ilulissat,75,gl,1524595800,80,70.55383518924151,-45.94660933968092,272.15,2.1
punta arenas,0,cl,1524596400,53,-73.47661120976773,-116.8882586361508,284.15,9.3
khatanga,32,ru,1524600409,78,74.15547512275049,107.73398046438206,259.343,1.44
castro,56,cl,1524600669,78,-48.277077612761786,-93.844786595315,285.093,1.04
hamilton,48,bm,1524600996,100,31.63039752046656,-68.13079580196425,292.193,8.91
lagoa,0,pt,1524600411,60,50.880670874997236,-25.051636403347175,293.243,3.16
chapais,88,ca,1524600996,71,51.15375612214467,-76.1110004207435,282.543,1.96
rawson,12,ar,1524600621,49,-49.590173208851695,-60.821658622664614,290.193,6.24
castro,56,cl,1524600669,78,-46.90440925119707,-100.36976456878787,285.093,1.04
punta arenas,0,cl,1524596400,53,-69.61675896847002,-97.36417439929488,284.15,9.3
canico,0,pt,1524600997,100,32.24631636693441,-16.72406079937062,290.543,9.46
evensk,64,ru,1524600997,100,61.95526389841805,162.07890411458646,269.443,1.79
chuy,92,uy,1524600997,93,-60.23877868767405,-26.939430077130027,294.543,7.06
tasiilaq,20,gl,1524599400,79,57.88063295382656,-32.480825083445836,271.15,1.0
butaritari,80,ki,1524600671,99,25.10633299836489,169.94584558240064,301.843,3.29
tokur,80,ru,1524600998,48,53.43160155370819,133.01822041363397,281.343,2.36
nikolskoye,92,ru,1524600998,92,56.8394977285399,168.19402744790818,277.993,2.51
yulara,92,au,1524600999,34,-23.94532099567661,125.11061019479979,295.143,2.51
hobart,0,au,1524600635,83,-82.11564289721616,135.91305773406867,283.443,2.39
pasaquina,36,sv,1524600999,29,13.526161124529622,-87.81284185409065,307.643,1.49
tazovskiy,92,ru,1524600999,83,68.79666409807692,77.9402782520616,264.243,1.39
kampot,20,kh,1524601000,97,11.259670678584428,103.97608843331005,297.243,1.24
khatanga,32,ru,1524600409,78,88.50959482267899,93.25059790824747,259.343,1.44
hit,0,iq,1524601000,40,33.39083113317278,42.687078474668226,288.643,2.11
luderitz,12,na,1524601000,93,-28.56191376877978,1.4012563591392961,287.693,1.96
albany,8,au,1524600664,91,-65.61372011468993,103.53006480279845,282.693,2.34
nikolskoye,92,ru,1524600998,92,51.754974499475594,169.72567628892648,277.993,2.51
safford,1,us,1524599460,6,33.04807236738142,-110.02551185477438,304.15,3.1
maldonado,40,uy,1524596400,73,-38.76305633793007,-52.31532997841164,295.15,5.1
jesup,75,us,1524599760,47,31.798166357286348,-81.9878528113365,298.15,4.6
namibe,20,ao,1524600641,100,-19.6615632425231,7.468087384431925,299.393,3.26
bluefields,8,ni,1524601002,63,11.405157925496383,-83.84481018077646,303.643,2.74
arraial do cabo,20,br,1524596400,70,-40.16249027358173,-22.033098816329385,303.15,6.2
butaritari,80,ki,1524600671,99,17.977252965020142,169.05446282925186,301.843,3.29
kaitangata,88,nz,1524600647,74,-89.35845612263087,179.63753187646188,283.343,5.31
kazanskaya,88,ru,1524601003,59,49.40653013003518,41.139702686696836,283.893,1.79
lianzhou,20,cn,1524601003,97,22.08385537159039,109.10073983571829,286.693,0.91
mahebourg,75,mu,1524596400,88,-42.86625213900656,77.1184553269166,297.15,2.1
hilo,90,us,1524598140,83,16.480837670090622,-142.83646026044767,297.15,2.6
souillac,75,mu,1524596400,88,-21.77737048183897,57.70115090328946,297.15,2.1
bethel,90,us,1524600060,93,47.167634440516395,-167.00791108295255,275.15,12.9
kamaishi,92,jp,1524601004,97,36.03591123621234,146.59114668202818,282.893,3.59
torbay,56,ca,1524601004,59,50.354135267979984,-43.92742975930324,280.843,7.19
bandarbeyla,88,so,1524601005,100,7.324463718789872,58.55079304859916,301.393,2.61
jirkov,48,cz,1524601005,59,50.45323988818717,13.482618894788459,285.643,2.36
east london,40,za,1524596400,72,-59.850329820185245,46.91998871962619,292.15,2.6
jamestown,24,sh,1524600655,100,-37.668414310642305,-11.189652170272268,297.293,9.86
avarua,56,ck,1524600590,100,-63.97149545722683,-166.98066756477218,297.543,7.66
busselton,8,au,1524600643,100,-53.37408341265517,94.39299459811099,287.743,1.71
comodoro rivadavia,0,ar,1524596400,39,-49.417505377893754,-63.09478903554346,291.15,6.7
carnarvon,88,au,1524601006,91,-30.782652218341894,90.14893452208702,296.093,9.69
sarakhs,32,ir,1524600000,67,35.7255224220318,61.870558890247196,290.15,1.0
saint-philippe,90,re,1524598200,100,-26.725201379538902,58.58187522523386,299.15,2.6
gold coast,48,au,1524600956,100,-27.85513333275682,153.58673435814865,292.943,3.06
rio gallegos,75,ar,1524596400,71,-51.607466821048334,-66.28767677962927,285.15,3.6
kapaa,1,us,1524599760,69,16.204509509603753,-167.85246817758102,298.15,2.6
east london,40,za,1524596400,72,-78.53731090394609,55.68510397761301,292.15,2.6
porto santo,0,pt,1524601008,100,33.0461698368062,-16.646289884338472,290.293,10.34
kahului,75,us,1524599760,94,34.43396286213928,-149.02594365188128,297.15,6.7
road town,40,vg,1524596400,48,19.707827603688003,-64.21923426032,303.15,5.1
aklavik,0,ca,1524601008,100,70.43051587831445,-136.78351331574868,269.793,6.84
georgetown,88,sh,1524601009,100,-14.726386882467153,-15.615428010074453,299.343,5.26
sao joao da barra,20,br,1524596400,65,-33.04458858386394,-21.416397495650642,300.15,6.2
atuona,0,pf,1524600707,100,5.032751192437431,-128.49460268986095,300.643,6.44
khatanga,32,ru,1524600409,78,85.96603025812439,108.14123967076978,259.343,1.44
pevek,0,ru,1524600671,91,77.69711866971508,168.68429979219013,262.193,1.51
ust-ishim,0,ru,1524601010,84,57.647603466979234,70.94826079565485,273.143,4.04
valleyview,56,ca,1524601010,60,54.48191635318477,-117.77071578493488,285.543,3.86
nanortalik,8,gl,1524601010,96,55.659561826194675,-43.00345268405519,272.593,5.84
karema,8,tz,1524601011,92,-6.5231931611201475,30.502314042067525,289.993,1.01
nanortalik,8,gl,1524601010,96,60.541890345387856,-41.38811419510941,272.593,5.84
coripata,75,bo,1524596400,57,-16.150392498311717,-67.332806631411,284.15,2.6
sola,88,vu,1524600610,94,-12.974779746633686,173.53448183769376,300.943,5.44
thompson,24,ca,1524600665,55,78.45186081567735,-96.21065442871749,279.993,3.76
yulara,92,au,1524600999,34,-25.09152722901682,130.88470844032048,295.143,2.51
tasiilaq,20,gl,1524599400,79,60.66645150871835,-32.59918272870999,271.15,1.0
salinopolis,64,br,1524601012,100,7.484495228742858,-43.13066993390481,300.643,4.21
padang,92,id,1524601012,100,-1.5951408246431669,99.17915526448542,300.893,1.34
ushuaia,40,ar,1524596400,54,-82.93169176999814,-81.56718772755254,285.15,7.7
salalah,20,om,1524599400,78,17.747814353999956,57.626847465844094,301.15,2.1
hermanus,24,za,1524600639,93,-76.80510048445541,9.957915343622176,282.043,0.81
eirunepe,12,br,1524601014,69,-7.257477924886032,-68.67031232724219,303.343,1.16
kapaa,1,us,1524599760,69,36.116655978638235,-171.74218337578654,298.15,2.6
sokolka,68,pl,1524600726,60,53.363530138844794,23.497978878446673,286.343,5.61
jamestown,24,sh,1524600655,100,-42.0126199039503,-10.949038468473987,297.293,9.86
genhe,0,cn,1524601014,64,50.765555505788086,121.5693235035738,276.793,2.79
richards bay,0,za,1524601015,96,-32.64965282347754,35.736184201966864,293.743,2.84
isparta,8,tr,1524601015,78,37.9707266766068,30.759359145222277,282.993,0.76
carbonia,8,it,1524601015,79,38.759445736638526,8.626298880025416,291.143,4.39
lorengau,8,pg,1524600679,100,3.819082912027568,145.6501309554434,301.443,3.31
terrace,76,ca,1524600888,63,59.00586097632848,-128.8545090339458,280.393,0.89
barrow,1,us,1524599700,37,68.29796488788773,-157.94342357782952,295.15,5.1
kaitangata,88,nz,1524600647,74,-50.34977012221751,171.34178545739377,283.343,5.31
zaysan,0,kz,1524601016,58,48.37082981659475,84.5969163207858,281.193,1.56
svetlaya,0,ru,1524601017,85,45.297690922356196,137.9077032915285,277.293,3.59
ucluelet,76,ca,1524601017,56,48.69722485992659,-126.06553723223104,289.893,0.91
busselton,8,au,1524600643,100,-43.499390582911175,98.63151866412437,287.743,1.71
new norfolk,48,au,1524600681,92,-54.572984619616676,135.11408464440353,282.893,2.51
ivybridge,32,gb,1524601017,98,50.22633628771081,-3.9791903908139545,283.143,5.96
sao filipe,0,cv,1524601018,97,4.443431010071038,-24.317192855745247,294.943,7.56
qaanaaq,44,gl,1524600652,94,76.22054336098142,-88.17771522312992,266.943,1.06
ushuaia,40,ar,1524596400,54,-77.53921398409133,-72.47820029267056,285.15,7.7
jamestown,24,sh,1524600655,100,-12.05419167001827,-6.93062197165375,297.293,9.86
pachmarhi,0,in,1524601019,54,22.3067974481053,78.41583096584372,289.343,0.56
mahebourg,75,mu,1524596400,88,-43.949181490249835,76.79226075459957,297.15,2.1
ancud,44,cl,1524601019,72,-41.56819704193974,-98.87338464725786,285.443,1.36
lompoc,1,us,1524598500,59,25.890721456899882,-133.83499428793994,291.15,3.6
talmenka,92,ru,1524601019,75,53.86713939865035,83.46409142556774,283.993,4.66
port alfred,32,za,1524600644,100,-81.9981583636222,54.47398826336601,289.843,1.39
blyth,92,gb,1524601020,93,56.28814004026077,-0.7785686450779394,280.893,2.56
chuy,92,uy,1524600997,93,-68.12274683244016,-18.909603007234153,294.543,7.06
hofn,76,is,1524601020,100,69.53770637425268,-11.30668104071458,276.143,3.59
punta arenas,0,cl,1524596400,53,-66.11665189902416,-91.11606276063452,284.15,9.3
yar-sale,24,ru,1524601021,71,76.58992905093058,69.37344907802773,260.393,5.41
madison,1,us,1524598500,17,34.492435258771124,-86.6481288583676,296.15,5.1
karratha,92,au,1524601022,82,-15.006351787256065,115.00637602577655,296.343,1.24
coquimbo,90,cl,1524596400,87,-27.925108436459418,-86.26009772630086,287.15,2.6
castro,56,cl,1524600669,78,-44.537395267926414,-77.23550466305693,285.093,1.04
maniitsoq,76,gl,1524600432,94,65.82862632401853,-53.7978623164873,269.343,4.94
kampot,20,kh,1524601000,97,10.333835643723049,104.03745023730443,297.243,1.24
orlik,0,ru,1524601023,87,53.5804592216403,100.03616971612058,267.593,0.81
upernavik,88,gl,1524600977,100,80.02638686805011,-57.28488088898014,270.393,2.11
punta arenas,0,cl,1524596400,53,-53.98814208759928,-90.38717516786116,284.15,9.3
mayahi,0,ne,1524601023,63,14.945177801535223,7.861008073765504,299.793,1.24
yumen,0,cn,1524601023,45,39.197630498286685,97.96154285414781,281.893,4.21
port elizabeth,0,za,1524596400,87,-46.48994238382718,28.6358222339139,287.15,1.0
orlik,0,ru,1524601023,87,51.86603326337914,99.85014155659718,267.593,0.81
omboue,76,ga,1524601024,100,-5.0210973365103655,4.094304055041391,301.243,3.46
santa quiteria do maranhao,68,br,1524601024,86,-3.3469460013925953,-42.60401675221263,299.943,1.21
hobart,0,au,1524600635,83,-48.79920265201554,150.33226316143475,283.443,2.39
port hardy,64,ca,1524600422,78,51.647159017096556,-127.58791278114226,285.493,1.71
marsa matruh,92,eg,1524601025,77,31.05736517800544,28.446881100642713,288.393,3.26
torbay,56,ca,1524601004,59,37.758335113644506,-45.61845107083818,280.843,7.19
cayenne,76,gf,1524596400,78,10.506438391832717,-43.63951861393039,301.15,4.6
oistins,92,bb,1524601025,99,11.170306893613144,-55.56211787809286,299.843,5.06
jamestown,24,sh,1524600655,100,-52.034874939089114,-15.669588436054823,297.293,9.86
rikitea,56,pf,1524600653,100,-66.20245352926109,-127.59768062560946,298.693,9.41
punta arenas,0,cl,1524596400,53,-84.61490812452577,-124.35360334610071,284.15,9.3
khatanga,32,ru,1524601026,78,74.82927418797416,104.11647450862489,259.343,1.44
ilulissat,75,gl,1524595800,80,72.22095837008365,-45.63997316867696,272.15,2.1
oytal,92,kz,1524601026,97,43.34906793219031,73.08449510529846,287.043,5.26
avarua,56,ck,1524600590,100,-25.584701327467215,-160.71733951072963,297.543,7.66
lorengau,8,pg,1524600679,100,-0.9405592842588817,146.21048084904214,301.443,3.31
cape town,20,za,1524596400,82,-48.555609461219,-6.358969188993342,288.15,2.1
san juan,1,us,1524597300,33,19.204859701307697,-66.17911818007414,305.15,4.6
ushuaia,40,ar,1524596400,54,-69.53142256098754,-38.11413566862606,285.15,7.7
thinadhoo,80,mv,1524601028,100,0.3522889922153638,72.08703264163543,302.843,7.34
klaksvik,24,fo,1524601028,100,76.92168843872503,-6.928659476304375,277.893,0.79
dikson,88,ru,1524600401,95,89.23757621278281,88.44425888451104,264.043,3.54
bluff,76,nz,1524600646,95,-79.01879269394138,158.77128768715278,285.743,9.14
izumo,92,jp,1524601029,100,35.33092637526542,132.66013688630562,285.643,7.29
darab,8,ir,1524600433,59,29.04183785701977,54.701748950312606,284.143,0.36
trinidad,8,cu,1524601029,92,20.689180428104507,-79.55866759341325,301.843,2.71
avarua,56,ck,1524600590,100,-48.081627447524895,-162.60151160873303,297.543,7.66
maibong,0,in,1524601030,86,25.297873317122438,93.35563010070518,290.743,0.89
marrakesh,92,ma,1524601030,100,29.228405471932774,-5.083528056697219,285.693,2.69
ribeira grande,32,pt,1524600697,99,28.835085861142204,-43.76916496127316,290.543,3.19
punta arenas,0,cl,1524596400,53,-89.49534822811847,-114.93203409844334,284.15,9.3
avarua,56,ck,1524600590,100,-69.25611090488354,-165.8620213325682,297.543,7.66
iquique,0,cl,1524596400,64,-19.89912775873688,-72.56425278174159,295.15,11.8
belleville,92,ca,1524601031,60,44.08172727274183,-77.48432279425163,288.093,2.01
rikitea,56,pf,1524600653,100,-49.63504569083984,-134.0038374698956,298.693,9.41
chuy,92,uy,1524600997,93,-41.40157155443261,-43.42079019387029,294.543,7.06
kodiak,1,us,1524599580,22,47.35603978927375,-148.988702536687,298.15,3.1
lagoa,0,pt,1524601032,60,50.22122043134581,-32.31813441625604,293.243,3.16
hobart,0,au,1524600635,83,-47.7837035200309,152.77350394486825,283.443,2.39
hermanus,24,za,1524600639,93,-49.63050474782753,10.202399939476635,282.043,0.81
hobart,0,au,1524600635,83,-67.2775552845212,140.73808722364873,283.443,2.39
chara,76,ru,1524601033,67,57.147838776008115,117.49637151928238,268.043,1.24
mocuba,24,mz,1524601033,87,-19.113908709911556,39.48301619262651,293.243,2.04
san andres,36,co,1524601034,85,14.505460461343958,-79.68885320583892,302.243,2.91
cape town,20,za,1524596400,82,-50.02466086137087,6.006787854503187,288.15,2.1
rabo de peixe,0,pt,1524601034,100,45.844435206702855,-21.023243239738434,290.343,3.24
souillac,75,mu,1524596400,88,-41.96632942423132,70.20874797768292,297.15,2.1
marfino,64,ru,1524601034,60,46.791806319898086,50.0411574117729,278.743,2.71
tyret pervaya,24,ru,1524601035,71,52.81772838713434,101.62749527624692,280.793,4.04
albany,8,au,1524600664,91,-73.05496071508804,114.78836623885968,282.693,2.34
bredasdorp,24,za,1524596400,71,-82.15365028671874,19.382337599629494,286.15,2.1
puerto ayora,20,ec,1524596400,74,-14.950151188075822,-99.24744794331158,301.15,5.7
busselton,8,au,1524600643,100,-60.214077225163095,81.58711192394895,287.743,1.71
alta floresta,48,br,1524601036,93,-10.28251850552293,-57.39312452732534,299.043,0.69
avarua,56,ck,1524600590,100,-31.698378474157977,-164.58971353202654,297.543,7.66
hermanus,24,za,1524600639,93,-43.96513534998545,13.426620076105252,282.043,0.81
port elizabeth,0,za,1524596400,87,-60.761467350064265,29.146745073018252,287.15,1.0
ancud,44,cl,1524601019,72,-42.33087704336687,-92.51944728676997,285.443,1.36
hay river,92,ca,1524600654,74,61.84337679020618,-118.99408728982823,281.143,5.39
avarua,56,ck,1524600590,100,-28.965614670487838,-160.07851002906116,297.543,7.66
washougal,1,us,1524595980,30,45.472348850070176,-121.31688505210101,296.15,7.2
qaanaaq,44,gl,1524600652,94,81.6646289758695,-78.24971566790668,266.943,1.06
atuona,0,pf,1524600707,100,-0.09272670196179433,-145.48109947892945,300.643,6.44
grants pass,0,us,1524600985,31,42.24048989061589,-123.72208045316259,296.493,1.06
thompson,24,ca,1524600665,55,62.13074854832985,-93.0627201146886,279.993,3.76
hobart,0,au,1524600635,83,-88.60863992843137,135.69040806188104,283.443,2.39
ardatov,0,ru,1524601038,71,55.396206291952836,42.86254422694657,269.743,1.26
dikson,88,ru,1524600401,95,86.74693118608508,79.15696854064493,264.043,3.54
hermanus,24,za,1524600639,93,-67.68318691378987,5.875199672258333,282.043,0.81
punta arenas,0,cl,1524596400,53,-87.51679295804884,-101.37874131175582,284.15,9.3
norman wells,20,ca,1524600664,92,66.08207011080347,-126.63643366821643,270.393,1.84
baykit,12,ru,1524601039,68,62.37974089476472,97.53074459208773,263.593,2.34
aksu,0,cn,1524601039,59,40.14853895195537,80.09240996254118,279.593,1.34
kahului,75,us,1524599760,94,36.69805067878788,-148.0110321812172,297.15,6.7
jamestown,24,sh,1524600655,100,-25.691210116018127,1.0848863974448193,297.293,9.86
georgetown,88,sh,1524601009,100,-21.121370368719496,-22.279756914176318,299.343,5.26
constitucion,8,mx,1524600675,19,20.299405928486948,-118.90723221109499,303.493,1.26
nikolskoye,92,ru,1524600998,92,47.201771064822026,179.39218858555864,277.993,2.51
butaritari,80,ki,1524600671,99,6.213999826067436,177.81527691762028,301.843,3.29
saldanha,12,za,1524596400,82,-41.29696760094656,1.0021719994960279,286.15,1.0
chirongui,0,yt,1524598200,78,-14.383981295543961,45.51068022261495,300.15,3.6
jamestown,24,sh,1524600655,100,-34.57857923817763,-17.731946767849365,297.293,9.86
tucupita,12,ve,1524601041,39,8.851961331533104,-61.020301324697385,306.493,4.74
hilo,90,us,1524598140,83,16.358006396815114,-135.53160765366923,297.15,2.6
mao,0,td,1524601042,17,14.761969041588046,14.41775745768814,299.993,3.74
hilo,90,us,1524598140,83,7.805228922672271,-147.4583495697278,297.15,2.6
punta arenas,0,cl,1524596400,53,-80.81405329728968,-109.07504561426623,284.15,9.3
alofi,56,nu,1524601042,100,-27.90581988640473,-168.98746914650962,299.543,7.54
ushuaia,40,ar,1524596400,54,-58.46096830803333,-70.00912352869744,285.15,7.7
ugep,64,ng,1524601043,85,5.819315990412349,8.281179261621475,299.593,3.69
oranjemund,76,na,1524600453,100,-29.35535047612023,16.13507130427263,288.643,2.19
vaini,8,to,1524600630,100,-63.04511731928492,-170.2511062287243,298.543,7.24
yanam,80,in,1524601043,85,16.36539640668343,82.68035953824523,301.593,3.41
vaini,8,to,1524600630,100,-28.277692897105347,-179.0760106102214,298.543,7.24
mari,40,br,1524596400,62,-7.023697483308396,-35.29043299592598,302.15,5.1
hilo,90,us,1524598140,83,28.25797914202738,-141.38345887531696,297.15,2.6
punta arenas,0,cl,1524596400,53,-89.77232558620045,-92.94046892455682,284.15,9.3
katsuura,24,jp,1524600705,96,20.09947283869751,151.97288184530652,287.843,5.84
acari,24,pe,1524601045,64,-17.374193281580787,-75.20622083613186,295.543,1.29
ulaangom,8,mn,1524600455,64,48.969612464088556,90.99727062213634,270.343,0.89
cherskiy,0,ru,1524601045,70,79.66965141160941,162.80527139486333,267.843,1.14
vanimo,12,pg,1524600865,100,-2.276521913743707,138.8887769447462,301.493,1.21
hamilton,48,bm,1524600996,100,29.457813904528933,-66.1420864335439,292.193,8.91
kaitangata,88,nz,1524600647,74,-57.43376432374593,174.12132128337993,283.343,5.31
bredasdorp,24,za,1524596400,71,-41.14541497662743,20.84933118357563,286.15,2.1
tuktoyaktuk,20,ca,1524600704,97,79.81107854895222,-122.21826024949243,265.943,7.89
nemuro,92,jp,1524601046,95,36.287923665742866,150.893526994232,276.493,6.79
saskylakh,64,ru,1524600988,86,80.4665808125772,119.02442716092077,261.243,5.51
lampa,40,pe,1524596400,47,-15.440436847301271,-70.38355768935659,287.15,4.1
port alfred,32,za,1524600644,100,-73.96795334179988,36.5708021126151,289.843,1.39
igarka,88,ru,1524601047,87,66.25418883152912,86.02845351450014,266.543,6.19
atuona,0,pf,1524600707,100,-3.3871506508920532,-125.89288766059471,300.643,6.44
torbay,56,ca,1524601004,59,43.89918269029897,-49.999841656016855,280.843,7.19
new norfolk,48,au,1524600681,92,-50.36244949227524,137.3136343243998,282.893,2.51
hilo,90,us,1524598140,83,12.687732753571623,-158.27552175704292,297.15,2.6
ilebo,36,cd,1524601048,91,-3.0315563643576553,21.059492477203406,296.243,0.99
mahebourg,75,mu,1524596400,88,-32.454682314447005,65.41975315231599,297.15,2.1
bredasdorp,24,za,1524596400,71,-71.60071462610533,17.75703356182163,286.15,2.1
rikitea,56,pf,1524600653,100,-83.19753919942985,-128.2290293881586,298.693,9.41
tiksi,92,ru,1524600708,94,89.68265402111453,125.5813244569236,267.243,7.66
wencheng,0,cn,1524601049,96,37.0858527297425,121.85568441552925,285.993,0.69
jamestown,24,sh,1524600655,100,-31.934351153297854,-20.961340470022577,297.293,9.86
cape town,20,za,1524596400,82,-54.08685389481457,-10.258628567627483,288.15,2.1
san vicente,88,ph,1524601050,99,19.458040766937074,127.85215518532158,301.493,3.39
kapaa,1,us,1524599760,69,9.498279931201978,-177.0709757444242,298.15,2.6
jamestown,24,sh,1524600655,100,-37.11316720980649,-8.83913882642858,297.293,9.86
esperance,0,au,1524601051,87,-45.83847631876293,128.05692084936044,280.843,1.21
pisco,0,pe,1524596400,61,-19.795380945931,-85.53832724362698,298.15,8.7
vaini,8,to,1524600630,100,-42.847715039475354,-169.33220443426865,298.543,7.24
atuona,0,pf,1524600707,100,-13.52260959170873,-143.60785609219135,300.643,6.44
vaini,8,to,1524600630,100,-75.60301273737969,-176.4581443892929,298.543,7.24
rikitea,56,pf,1524600653,100,-38.65956099819964,-118.0322533176592,298.693,9.41
bredasdorp,24,za,1524596400,71,-87.2803652204606,16.815682580045575,286.15,2.1
san angelo,1,us,1524595860,27,31.539678874844242,-100.96065074158028,305.15,3.6
bambous virieux,75,mu,1524596400,88,-25.204538876553613,67.7468629713012,297.15,2.1
geraldton,0,au,1524600678,100,-28.72843108932839,111.28040454442913,291.593,8.44
khatanga,32,ru,1524601026,78,89.89504474776908,102.71061204765113,259.343,1.44
belaya gora,88,ru,1524601053,96,67.8159666982202,147.15887443884776,266.993,4.61
conakry,0,gn,1524601053,100,8.182127811715219,-15.564872854816457,298.493,2.86
butaritari,80,ki,1524600671,99,18.76133072687773,164.59382799505357,301.843,3.29
arona,0,es,1524601054,90,27.357500983310004,-16.55401554552205,290.243,2.11
raudeberg,92,no,1524601054,100,63.2868109975154,3.8822819678536007,275.943,2.36
lazaro cardenas,64,mx,1524601054,17,3.3439214425703057,-110.07886217997802,304.943,1.01
ukiah,1,us,1524599760,41,37.433991937718815,-125.57496622781107,297.15,3.1
rikitea,56,pf,1524600653,100,-52.903376508423435,-116.24520267543762,298.693,9.41
khatanga,32,ru,1524601026,78,72.0824964380626,100.67169962444575,259.343,1.44
mattru,8,sl,1524601055,86,6.555312698932767,-12.826167405256598,299.543,2.59
severo-kurilsk,68,ru,1524600709,100,40.58173577672653,158.68616719581263,272.843,4.59
biak,92,id,1524601056,100,2.482927795524361,138.06283937451394,296.993,2.29
sao filipe,0,cv,1524601018,97,10.090126466253878,-35.291507045839865,294.943,7.56
san andres del rabanedo,48,es,1524600983,62,42.59087037662866,-5.7928242058358705,289.193,1.91
ponta do sol,8,pt,1524601056,100,35.053895477007345,-18.334376436814637,290.743,9.21
ribeira grande,32,pt,1524600697,99,27.977389834947047,-34.8756835819579,290.543,3.19
san patricio,0,mx,1524600983,61,9.771132203653153,-115.22494121173465,302.193,2.36
bluff,76,nz,1524600646,95,-87.29268191516904,157.31121812887403,285.743,9.14
kodiak,1,us,1524599580,22,45.408113455651176,-153.80110306927463,298.15,3.1
milford,90,us,1524599520,100,38.79975148688874,-75.49250925212995,286.15,4.1
praya,0,id,1524601058,97,-10.86655610823641,116.53099052645831,301.343,3.99
ponta do sol,8,pt,1524601056,100,37.46855188113851,-19.588940773115638,290.743,9.21
yellowknife,92,ca,1524601058,94,71.56109504841746,-106.86499573432324,277.143,5.56
oranjemund,76,na,1524601058,100,-31.07412941590904,14.232334786755672,288.643,2.19
klaksvik,24,fo,1524601028,100,74.51045643615828,-5.653651656936006,277.893,0.79
punta arenas,0,cl,1524596400,53,-83.86745123188453,-120.5801839893491,284.15,9.3
hutchinson,75,us,1524599760,55,37.97979149465624,-98.17268196566428,297.15,9.3
punta arenas,0,cl,1524596400,53,-75.42796237232594,-95.60406126116509,284.15,9.3
freire,0,cl,1524601059,67,-38.89538302085902,-72.50541689205298,286.593,1.16
la baneza,92,es,1524601060,54,42.2968695275828,-5.660859433977521,290.993,0.76
busselton,8,au,1524600643,100,-44.34984328434614,84.46225339040694,287.743,1.71
cabo san lucas,76,mx,1524601060,88,8.078320697819805,-124.4765396368168,297.143,0.94
vaini,8,to,1524600630,100,-30.74545922218268,-179.2545216893526,298.543,7.24
hermanus,24,za,1524600639,93,-72.25656772962947,7.78684795544126,282.043,0.81
khandbari,76,np,1524601061,78,29.568393380673257,86.76868269614528,276.293,0.34
busselton,8,au,1524600643,100,-83.16671128959352,85.46961973222659,287.743,1.71
rikitea,56,pf,1524600653,100,-50.55868402616073,-121.54113500439742,298.693,9.41
grindavik,75,is,1524598200,93,60.1996029774682,-26.23353753340635,279.15,5.7
tuatapere,64,nz,1524600655,100,-51.92038308137337,159.41576606272736,284.293,6.11
magnitka,0,ru,1524601062,92,55.30507295020527,59.717119368738395,268.643,2.11
hermanus,24,za,1524600639,93,-79.73698328484531,-4.821931845564592,282.043,0.81
iqaluit,0,ca,1524600972,90,62.66337861997775,-75.6173184043959,259.493,3.59
cabo san lucas,76,mx,1524601060,88,16.710179545107763,-110.6557601807895,297.143,0.94
rikitea,56,pf,1524600653,100,-24.705989461676566,-126.64195388858543,298.693,9.41
rikitea,56,pf,1524600653,100,-40.02678861100748,-136.37582718971834,298.693,9.41
hilo,90,us,1524598140,83,6.728412247652187,-151.84492509882386,297.15,2.6
ushuaia,40,ar,1524596400,54,-80.22683630208257,-32.6685664721324,285.15,7.7
kolda,64,sn,1524601063,30,12.63749694389135,-14.541643061450316,306.043,3.61
port hedland,64,au,1524601063,86,-17.21973549073411,118.50291294915098,296.643,1.49
hilo,90,us,1524598140,83,13.761695551531318,-158.42516807789144,297.15,2.6
nanortalik,8,gl,1524601010,96,57.417915373302435,-46.55553167149023,272.593,5.84
koungou,0,yt,1524598200,78,-9.772912284317414,47.26796058533165,300.15,3.6
rikitea,56,pf,1524600653,100,-52.3579515457328,-115.81897254873834,298.693,9.41
kapaa,1,us,1524599760,69,28.28717937698616,-175.5394466208386,298.15,2.6
edmundston,1,ca,1524599580,22,47.823697628528066,-68.27171830352836,291.15,5.1
rikitea,56,pf,1524600653,100,-66.64903446888093,-125.11298434875283,298.693,9.41
rikitea,56,pf,1524600653,100,-15.319313313592403,-119.2658467371169,298.693,9.41
kanadukathan,0,in,1524601065,85,10.258055798499896,78.59146187469827,296.493,1.14
atuona,0,pf,1524600707,100,2.249258002839653,-148.7336616630591,300.643,6.44
kapaa,1,us,1524599760,69,9.485971239627887,-166.98357325676105,298.15,2.6
okha,24,ru,1524601066,84,55.157375509088354,142.52040579615544,274.143,7.51
saskylakh,64,ru,1524600988,86,77.70143914342685,118.72119773485616,261.243,5.51
bambous virieux,75,mu,1524596400,88,-26.370543197391598,68.93106696907779,297.15,2.1
yellowknife,92,ca,1524601058,94,80.78288113519898,-102.77957673123903,277.143,5.56
nome,1,us,1524597300,39,65.34008133908833,-163.1381777544054,300.15,3.1
butaritari,80,ki,1524600671,99,21.57291212476086,173.70346273914055,301.843,3.29
kapaa,1,us,1524599760,69,15.37864542006406,-175.4244607267168,298.15,2.6
det udom,80,th,1524601067,96,14.00908072094552,105.23746068249312,296.993,2.86
san patricio,0,mx,1524600983,61,1.790225680408156,-115.4233764984459,302.193,2.36
tual,76,id,1524601067,100,-4.968380846981063,130.70596721637975,301.993,6.34
ambunti,92,pg,1524601068,100,-4.845261805206434,141.78183367641367,297.293,1.11
ziyang,100,cn,1524601068,98,29.913282135488757,104.7787653331489,287.893,4.96
busselton,8,au,1524600643,100,-73.56071946008709,79.2153079984563,287.743,1.71
ixtapa,0,mx,1524601068,47,9.183793703523136,-105.67808907762375,302.993,1.29
pevek,0,ru,1524600671,91,79.19378898685454,165.41830759835307,262.193,1.51
quelimane,20,mz,1524596400,83,-19.69564543641428,37.73270311863709,297.15,2.1
bay city,90,us,1524599760,59,43.623566849250864,-83.96616492401373,291.15,4.6
ushuaia,40,ar,1524596400,54,-78.63197082982921,-77.17647005712978,285.15,7.7
ribeira grande,32,pt,1524600697,99,28.70312437239042,-44.87796429752126,290.543,3.19
nikolskoye,92,ru,1524600998,92,38.82096684670472,177.4366399508367,277.993,2.51
ilulissat,75,gl,1524595800,80,76.48225177379626,-46.57139052085137,272.15,2.1
pierre,90,us,1524595980,86,44.43752333305082,-101.4565495752887,278.15,7.7
ajdabiya,0,ly,1524601070,64,30.1537104667549,20.848857418405373,289.593,4.19
calama,0,cl,1524596400,16,-23.653145841744575,-68.46684687861553,298.15,11.8
bluff,76,nz,1524600646,95,-71.090300130142,160.24286123782565,285.743,9.14
ribeira grande,32,pt,1524600697,99,28.37724925456496,-30.19761515614445,290.543,3.19
yellowknife,92,ca,1524601058,94,84.71068900423916,-98.37823049593915,277.143,5.56
port alfred,32,za,1524600644,100,-50.98527427457037,33.22669691648386,289.843,1.39
mittagong,0,au,1524601071,95,-34.15098958534275,150.5119963592943,280.993,1.14
albany,8,au,1524600664,91,-77.24158242986495,96.46457274737577,282.693,2.34
punta arenas,0,cl,1524596400,53,-74.26677932554635,-106.06058554551201,284.15,9.3
rikitea,56,pf,1524600653,100,-39.17973207116866,-136.23541169997034,298.693,9.41
kirillov,32,ru,1524601072,61,60.39455579880294,39.152316666532926,273.693,5.34
mar del plata,0,ar,1524600690,47,-56.0286066228256,-41.909217999257805,287.643,5.79
hamilton,48,bm,1524600996,100,30.714734022661688,-69.65080688700954,292.193,8.91
ulladulla,0,au,1524601073,100,-39.802268427948746,158.93476848881085,290.143,2.41
vardo,76,no,1524600994,94,85.76211865423133,36.75614360597737,276.643,6.56
port hawkesbury,24,ca,1524601073,56,38.48121030791003,-59.57383445476863,284.143,5.04
atuona,0,pf,1524600707,100,4.883677330793688,-125.91895834470205,300.643,6.44
ushuaia,40,ar,1524596400,54,-64.64718412484474,-43.50947581010723,285.15,7.7
hithadhoo,92,mv,1524600971,100,-19.109184449380322,82.52773071780945,302.843,7.41
hermanus,24,za,1524600639,93,-83.25634997525678,-6.851356902451272,282.043,0.81
tazovskiy,92,ru,1524600999,83,66.8330504813498,78.71344703089301,264.243,1.39
rikitea,56,pf,1524600653,100,-38.7094854932936,-133.29210217791587,298.693,9.41
chapais,88,ca,1524600996,71,54.09148188599448,-72.234101776187,282.543,1.96
vaini,8,to,1524600630,100,-83.57308369114904,-176.83019749367642,298.543,7.24
pirovskoye,48,ru,1524601075,95,57.699109019869724,92.4874983538129,273.393,2.74
upernavik,88,gl,1524600977,100,88.5926983675337,-57.64252307479448,270.393,2.11
saint george,48,bm,1524601075,100,27.57844106194031,-60.44050674976354,292.193,8.91
kruisfontein,0,za,1524600432,89,-55.332575572682074,26.02084184626949,286.493,1.84
